-- MySQL dump 10.13  Distrib 8.0.23, for osx10.15 (x86_64)
--
-- Host: localhost    Database: test
-- ------------------------------------------------------
-- Server version	8.0.23

/*!40101 SET @OLD_CHARACTER_SET_CLIENT=@@CHARACTER_SET_CLIENT */;
/*!40101 SET @OLD_CHARACTER_SET_RESULTS=@@CHARACTER_SET_RESULTS */;
/*!40101 SET @OLD_COLLATION_CONNECTION=@@COLLATION_CONNECTION */;
/*!50503 SET NAMES utf8mb4 */;
/*!40103 SET @OLD_TIME_ZONE=@@TIME_ZONE */;
/*!40103 SET TIME_ZONE='+00:00' */;
/*!40014 SET @OLD_UNIQUE_CHECKS=@@UNIQUE_CHECKS, UNIQUE_CHECKS=0 */;
/*!40014 SET @OLD_FOREIGN_KEY_CHECKS=@@FOREIGN_KEY_CHECKS, FOREIGN_KEY_CHECKS=0 */;
/*!40101 SET @OLD_SQL_MODE=@@SQL_MODE, SQL_MODE='NO_AUTO_VALUE_ON_ZERO' */;
/*!40111 SET @OLD_SQL_NOTES=@@SQL_NOTES, SQL_NOTES=0 */;

--
-- Table structure for table `ArmorSet`
--

DROP TABLE IF EXISTS `ArmorSet`;
/*!40101 SET @saved_cs_client     = @@character_set_client */;
/*!50503 SET character_set_client = utf8mb4 */;
CREATE TABLE `ArmorSet` (
  `id` int NOT NULL AUTO_INCREMENT,
  `weapon` varchar(30) DEFAULT NULL,
  `weaponname` varchar(30) DEFAULT NULL,
  `helm` varchar(30) DEFAULT NULL,
  `chest` varchar(30) DEFAULT NULL,
  `arm` varchar(30) DEFAULT NULL,
  `waist` varchar(30) DEFAULT NULL,
  `leg` varchar(30) DEFAULT NULL,
  `deco` varchar(30) DEFAULT NULL,
  PRIMARY KEY (`id`)
) ENGINE=InnoDB AUTO_INCREMENT=43 DEFAULT CHARSET=utf8mb4 COLLATE=utf8mb4_0900_ai_ci;
/*!40101 SET character_set_client = @saved_cs_client */;

--
-- Dumping data for table `ArmorSet`
--

LOCK TABLES `ArmorSet` WRITE;
/*!40000 ALTER TABLE `ArmorSet` DISABLE KEYS */;
INSERT INTO `ArmorSet` VALUES (1,'太刀','月刀　夜影','カイザー','ヴァイクS','レウスS','ジャナフS','ハンターS','見切り４スロ３'),(2,'ヘビィボウガン','王牙砲［山雷］','カイザー','ヴァイクS','ヴァイクS','ジャナフS','ハンターS','見切り４スロ３'),(3,'狩猟笛','轟鼓［虎鐘］','カイザー','ヴァイクS','レウスS','ジャナフS','インゴットS','見切り３スロ３'),(4,'チャージアックス','金剛盾斧II','ボロスS','ヴァイクS','レウスS','ジャナフS','バゼル','鈍器使い２回避性能１スロ２スロ１'),(5,'片手剣','クイーンレイピア','カイザー','カムラノ装【上衣】覇','レウスS','ジャナフS','ディアブロS','見切り３スロ３'),(6,'操虫棍','闇鎌棍【夜凪】','スカルS','ヴァイクS','レウスS','ジャナフS','インゴットS','弱点特攻２スロ２'),(7,'スラッシュアックス','レックスラッシャー','オロミドS','ジュラ','レウスS','ジャナフS','インゴットS','見切り３スロ３'),(8,'ガンランス','ガルハウル','ウツシ裏【御面】覇','バゼル','バゼル','バゼル','バゼル','翔虫使い２ひるみ軽減２スロ３スロ１'),(9,'ハンマー','轟槌【虎丸】','カイザー','ヴァイクS','レウスS','ジャナフS','インゴットS','見切り３スロ３'),(10,'太刀','一虎刀【餓刀】','カイザー','ベリオS','レウスS','ジャナフS','インゴットS','納刀術２植生学１スロ３スロ２スロ１'),(11,'ランス','暗夜槍【黒雨】','ボロスS','ディアブロS','レウスS','ジャナフS','ディアブロS','見切り３スロ３'),(12,'弓','百竜弓Ⅴ','強弓の羽飾り','ヴァイクS','ジュラ','ジャナフ','ヤツカダ','回避性能２体術２スロ３'),(13,'ライトボウガン','王牙弩【野雷】','ヴァイクS','ヴァイクS','ジュラ','ジャナフS','インゴットS','弾丸節約２納刀術１スロ３スロ１'),(14,'双剣','ブロス＝マス','カイザー','ヴァイクS','レックスS','ジャナフS','ハンターS','見切り３スロ３'),(15,'大剣','暗夜剣【宵闇】','カイザー','ジャナフS','レウスS','ジャナフS','ハンターS','弱点特攻２スロ２'),(16,'ガンランス','オルトリンデ','ボロスS','ヴァイクS','レックスS','ジャナフS','バゼル','見切り３スロ３'),(17,'ヘビィボウガン','テオ＝アーティレリⅠ','ヴァイクS','ヴァイクS','ジャナフS','ジャナフS','バゼル','反動軽減２高速変形１スロ２スロ２スロ１'),(18,'弓','蛮顎弓フラムアルクス','強弓の羽飾り','ヴァイクS','ヴァイクS','ヴァイクS','ヤツカダ','見切り３スロ３'),(19,'弓','百竜弓Ⅴ','強弓の羽飾り','ヴァイクS','ジュラ','ジャナフS','ヤツカダ','回避性能２体術２スロ３'),(20,'チャージアックス','夜走盾斧【冥冥裏】','オロミドS','ヴァイクS','レウスS','ジャナフS','インゴットS','痛撃２スロ２'),(21,'ヘビィボウガン','禍ツ大筒ノ幽鬼セッド','カイザー','ヴァイクS','ヴァイクS','ジャナフS','ハンターS','見切り３スロ３'),(22,'ヘビィボウガン','テオ＝フランマルス','ヴァイクS','ヴァイクS','ジャナフS','ジャナフS','バゼル','反動軽減２高速変形１スロ２スロ２スロ１'),(23,'双剣','グレイス＝ソウル','カイザークラウン','ヴァイクS','レックスS','ジャナフS','ハンターS','見切り３スロ３'),(24,'ランス','百竜鎗【変幻自在】','ボロスS','ディアブロS','禍鎧・覇【籠手】','バゼル','ハンターS','見切り３スロ３'),(25,'弓','百竜弓【有為転変】','強弓の羽飾り','ヴァイクS','ジュラ','ジャナフS','ヤツカダ','回避性能２体術２スロ３'),(26,'ガンランス','轟銃槍【虎砲】','カイザーS','ヴァイクS','レウスS','ジャナフS','インゴットS','見切り３スロ３'),(27,'ガンランス','百竜銃鎗【一念化生】','ボロスS','カムラノ装【上衣】覇','レウスS','ジャナフS','バゼル','見切り３スロ３'),(28,'大剣','百竜大剣【大賢虎変】','カイザー','ジャナフS','禍鎧・覇【篭手】','ジャナフS','ハンターS','見切り３スロ３'),(29,'チャージアックス','金剛盾斧イカズチ','ボロスS','ヴァイクS','レウスS','ジャナフS','バゼル','鈍器使い２回避性能１スロ２スロ１'),(30,'ヘビィボウガン','テオ＝フランマルス','ウツシ裏【御面】覇','ヴァイクS','ジャナフS','ジャナフS','バゼル','反動軽減２高速変形１スロ２スロ２スロ１'),(31,'ヘビィボウガン','ルスタ・ド・ネフィラ','カイザー','カイザー','カイザー','ジャナフS','インゴットS','弾丸節約２納刀１スロ３スロ１'),(32,'双剣','双剣リュウノツガイ','カイザー','カイザー','カイザー','ジャナフS','カガチS','痛撃２スロ２'),(33,'双剣','王牙双刃【土雷】','カイザー','ヴァイクS','禍鎧・覇【篭手】','ジャナフS','インゴットS','見切り３スロ３'),(34,'ランス','テリオス＝ダオラ','ボロスS','ヴァイクS','赫耀','ジャナフS','ハンターS','見切り３スロ３'),(35,'弓','真誠なるケアアルクⅡ','強弓の羽飾り','ヴァイクS','ジュラ','ジャナフS','ヤツカダ','回避性能２体術２スロ３'),(36,'ヘビィボウガン','龍天砲デビルーイ','ヴァイクS','ベリオS','赫耀','ジャナフS','インゴットS','反動軽減２高速変形１スロ２スロ２スロ１'),(37,'狩猟笛','百竜笛【如意自在】','カイザー','ヴァイクS','禍鎧・覇【篭手】','ジャナフS','ハンターS','見切り３スロ３'),(38,'太刀','ファントムミラージュ','カイザー','ベリオS','禍鎧・覇【篭手】','ジャナフS','インゴットS','納刀術２植生学１スロ３スロ２スロ１'),(39,'太刀','一虎刀【餓刀】','赫耀','ベリオS','レウスS','ジャナフS','インゴットS','納刀術２植生学１スロ３スロ２スロ１'),(40,'太刀','一虎刀【餓刀】','赫耀','赫耀','赫耀','赫耀','赫耀','納刀術２植生学１スロ３スロ２スロ１'),(41,'ライトボウガン','夜行弩【梟ノ眼】','リノプロS','ヴァイクS','ジュラ','クロムメタル','金色の袴','弾丸節約２納刀術１スロ３スロ１'),(42,'ライトボウガン','ルミド・ド・ネフィラ','カイザー','カイザー','フロギィS','ジャナフS','インゴットS','弾丸節約２納刀術１スロ３スロ１');
/*!40000 ALTER TABLE `ArmorSet` ENABLE KEYS */;
UNLOCK TABLES;

--
-- Table structure for table `child`
--

DROP TABLE IF EXISTS `child`;
/*!40101 SET @saved_cs_client     = @@character_set_client */;
/*!50503 SET character_set_client = utf8mb4 */;
CREATE TABLE `child` (
  `id` int DEFAULT NULL,
  `parent_id` int DEFAULT NULL,
  KEY `par_ind` (`parent_id`),
  CONSTRAINT `child_ibfk_1` FOREIGN KEY (`parent_id`) REFERENCES `parent` (`id`) ON DELETE CASCADE
) ENGINE=InnoDB DEFAULT CHARSET=utf8mb4 COLLATE=utf8mb4_0900_ai_ci;
/*!40101 SET character_set_client = @saved_cs_client */;

--
-- Dumping data for table `child`
--

LOCK TABLES `child` WRITE;
/*!40000 ALTER TABLE `child` DISABLE KEYS */;
/*!40000 ALTER TABLE `child` ENABLE KEYS */;
UNLOCK TABLES;

--
-- Table structure for table `parent`
--

DROP TABLE IF EXISTS `parent`;
/*!40101 SET @saved_cs_client     = @@character_set_client */;
/*!50503 SET character_set_client = utf8mb4 */;
CREATE TABLE `parent` (
  `id` int NOT NULL,
  PRIMARY KEY (`id`)
) ENGINE=InnoDB DEFAULT CHARSET=utf8mb4 COLLATE=utf8mb4_0900_ai_ci;
/*!40101 SET character_set_client = @saved_cs_client */;

--
-- Dumping data for table `parent`
--

LOCK TABLES `parent` WRITE;
/*!40000 ALTER TABLE `parent` DISABLE KEYS */;
/*!40000 ALTER TABLE `parent` ENABLE KEYS */;
UNLOCK TABLES;

--
-- Table structure for table `Quest`
--

DROP TABLE IF EXISTS `Quest`;
/*!40101 SET @saved_cs_client     = @@character_set_client */;
/*!50503 SET character_set_client = utf8mb4 */;
CREATE TABLE `Quest` (
  `questname` varchar(100) NOT NULL,
  `monster` varchar(30) NOT NULL,
  `questrank` int NOT NULL,
  PRIMARY KEY (`questname`)
) ENGINE=InnoDB DEFAULT CHARSET=utf8mb4 COLLATE=utf8mb4_0900_ai_ci;
/*!40101 SET character_set_client = @saved_cs_client */;

--
-- Dumping data for table `Quest`
--

LOCK TABLES `Quest` WRITE;
/*!40000 ALTER TABLE `Quest` DISABLE KEYS */;
INSERT INTO `Quest` VALUES ('ウツシ教官の挑戦状・其の一','オロミドロ、ジンオウガ',7),('ウツシ教官の挑戦状・其の三','マガイマガド、ナルガクルガ',7),('ウツシ教官の挑戦状・其の二','ゴシャハギ、ラージャン',7),('グルメモンスターズ','アオアシラ、クルルヤック',4),('それは血となり毒となる','プケプケ',5),('ヌシの名を載くもの','ヌシタマミツネ、ヌシリオレウス、ヌシジンオウガ',7),('一柿入魂','ビシュテンゴ',5),('不穏の沼影','ジュラトドス',5),('偽虎添翼、ヌシ・リオレウス','ヌシリオレウス',7),('傘鳥円舞','アケノシルム',4),('優美高妙、ヌシリオレイア','ヌシリオレイア',7),('冥途へ誘う歌声','イソネミクニ',6),('千紫万紅、ヌシタマミツネ','ヌシタマミツネ',7),('取り巻くつむじ風','オサイズチ',4),('古の幻影','オオナズチ',7),('地底を駆ける角竜','ディアブロス',7),('変幻せよ！剣斧の型','ウルクスス、フルフル',4),('大場所寒冷群島','ヨツミワドウ',4),('天上に紅蓮咲く','リオレウス',6),('女王に魅せられて','リオレイア',5),('妖艶なる舞','タマミツネ',6),('学べ！軽弩の型','ドスフロギィ、ドスバギィ',4),('山河に一閃、響く雷鳴','ジンオウガ',6),('岩の上にも三年','バサルモス',5),('嵐に舞う黒い影','クシャルダオラ',7),('彼方より来たる凶星','バルファルク',7),('悪鬼羅刹','ラージャン',7),('水と共に生きるもの','ロアルドロス',5),('泥の中でも立ち上がれ','ボルボロス',5),('泥海へ手招く','オロミドロ',7),('火吹き御前','ヤツカダキ',7),('炎国の王','テオテスカトル',7),('爆鱗竜、再び飛来す','バゼルギウス',7),('牛飲馬食、ヌシアオアシラ','ヌシアオアシラ',7),('猛者たちの酒宴','ディアブロス、リオレウス、マガイマガド',7),('猛追、蛮顎竜','アンジャナフ',6),('琥珀色の牙を研ぐ','ベリオロス',6),('痛烈無比、ヌシ・ディアブロス','ヌシディアブロス',7),('百竜ノ淵源','イブシマキヒコ、ナルハタタヒメ',7),('砂原の魔球にご注意を','ラングロトラx２',5),('英雄豪傑','アンジャナフ、タマミツネ、ジンオウガ',6),('赤き双眸、夜陰を断つ','ナルガクルガ',6),('轟轟たる咆哮','ティガレックス',7),('雪鬼獣がやってくる','ゴシャハギ',7),('雷光雷轟、ヌシ・ジンオウガ','ヌシジンオウガ',7),('雷神','ナルハタタヒメ',7),('頭上を飛び跳ねる脅威','トビカガチ',6),('鬼火を纏石モノ','マガイマガド',7);
/*!40000 ALTER TABLE `Quest` ENABLE KEYS */;
UNLOCK TABLES;

--
-- Table structure for table `Skill`
--

DROP TABLE IF EXISTS `Skill`;
/*!40101 SET @saved_cs_client     = @@character_set_client */;
/*!50503 SET character_set_client = utf8mb4 */;
CREATE TABLE `Skill` (
  `skillid` int NOT NULL AUTO_INCREMENT,
  `armorid` int NOT NULL,
  `skillname` varchar(30) DEFAULT NULL,
  `skilllevel` int DEFAULT NULL,
  PRIMARY KEY (`skillid`),
  KEY `armorid` (`armorid`),
  CONSTRAINT `skill_ibfk_1` FOREIGN KEY (`armorid`) REFERENCES `ArmorSet` (`id`) ON DELETE CASCADE
) ENGINE=InnoDB DEFAULT CHARSET=utf8mb4 COLLATE=utf8mb4_0900_ai_ci;
/*!40101 SET character_set_client = @saved_cs_client */;

--
-- Dumping data for table `Skill`
--

LOCK TABLES `Skill` WRITE;
/*!40000 ALTER TABLE `Skill` DISABLE KEYS */;
/*!40000 ALTER TABLE `Skill` ENABLE KEYS */;
UNLOCK TABLES;

--
-- Table structure for table `TimeRecord`
--

DROP TABLE IF EXISTS `TimeRecord`;
/*!40101 SET @saved_cs_client     = @@character_set_client */;
/*!50503 SET character_set_client = utf8mb4 */;
CREATE TABLE `TimeRecord` (
  `questname` varchar(100) NOT NULL,
  `weapon` varchar(20) NOT NULL,
  `minute` int NOT NULL,
  `seconds` int NOT NULL,
  `uploaddate` date NOT NULL,
  `username` varchar(15) NOT NULL,
  `armorid` int NOT NULL,
  PRIMARY KEY (`questname`,`weapon`,`username`,`armorid`),
  KEY `username` (`username`),
  KEY `armorid` (`armorid`),
  CONSTRAINT `timerecord_ibfk_1` FOREIGN KEY (`questname`) REFERENCES `Quest` (`questname`) ON DELETE CASCADE,
  CONSTRAINT `timerecord_ibfk_2` FOREIGN KEY (`username`) REFERENCES `Users` (`username`) ON DELETE CASCADE,
  CONSTRAINT `timerecord_ibfk_3` FOREIGN KEY (`armorid`) REFERENCES `ArmorSet` (`id`) ON DELETE CASCADE
) ENGINE=InnoDB DEFAULT CHARSET=utf8mb4 COLLATE=utf8mb4_0900_ai_ci;
/*!40101 SET character_set_client = @saved_cs_client */;

--
-- Dumping data for table `TimeRecord`
--

LOCK TABLES `TimeRecord` WRITE;
/*!40000 ALTER TABLE `TimeRecord` DISABLE KEYS */;
INSERT INTO `TimeRecord` VALUES ('ウツシ教官の挑戦状・其の一','スラッシュアックス',13,4,'2021-05-19','me',7),('ウツシ教官の挑戦状・其の一','大剣',11,18,'2021-05-23','me',15),('ウツシ教官の挑戦状・其の一','片手剣',13,20,'2021-05-23','me',5),('ウツシ教官の挑戦状・其の三','スラッシュアックス',8,2,'2021-05-19','me',7),('ウツシ教官の挑戦状・其の三','大剣',9,43,'2021-05-23','me',15),('ウツシ教官の挑戦状・其の二','スラッシュアックス',12,1,'2021-05-20','me',7),('ウツシ教官の挑戦状・其の二','ランス',14,36,'2021-05-21','me',11),('ウツシ教官の挑戦状・其の二','大剣',10,51,'2021-05-23','me',15),('グルメモンスターズ','ガンランス',5,54,'2021-05-18','me',16),('グルメモンスターズ','スラッシュアックス',4,45,'2021-05-19','me',7),('グルメモンスターズ','チャージアックス',6,52,'2021-05-20','me',4),('グルメモンスターズ','ハンマー',5,35,'2021-05-22','me',9),('グルメモンスターズ','ヘビィボウガン',6,6,'2021-05-15','me',2),('グルメモンスターズ','ライトボウガン',4,0,'2021-06-24','me',13),('グルメモンスターズ','ランス',4,50,'2021-05-21','me',11),('グルメモンスターズ','双剣',5,39,'2021-06-07','me',32),('グルメモンスターズ','大剣',5,54,'2021-05-21','me',15),('グルメモンスターズ','太刀',5,10,'2021-06-23','me',10),('グルメモンスターズ','弓',4,50,'2021-05-20','me',18),('グルメモンスターズ','弓',4,50,'2021-05-20','s',18),('グルメモンスターズ','操虫棍',5,47,'2021-05-16','me',6),('グルメモンスターズ','片手剣',5,45,'2021-05-18','me',5),('グルメモンスターズ','狩猟笛',5,28,'2021-05-15','me',3),('それは血となり毒となる','ガンランス',4,23,'2021-05-24','me',16),('それは血となり毒となる','スラッシュアックス',3,12,'2021-05-19','me',7),('それは血となり毒となる','チャージアックス',2,56,'2021-05-26','me',20),('それは血となり毒となる','ハンマー',3,55,'2021-06-17','me',9),('それは血となり毒となる','ヘビィボウガン',5,1,'2021-05-15','me',2),('それは血となり毒となる','ライトボウガン',2,7,'2021-06-24','me',13),('それは血となり毒となる','ランス',2,51,'2021-05-22','me',11),('それは血となり毒となる','双剣',3,57,'2021-06-19','me',33),('それは血となり毒となる','大剣',2,42,'2021-05-23','me',15),('それは血となり毒となる','太刀',3,4,'2021-06-23','me',10),('それは血となり毒となる','弓',2,15,'2021-05-30','me',25),('それは血となり毒となる','操虫棍',3,40,'2021-05-17','me',6),('それは血となり毒となる','片手剣',3,18,'2021-05-22','me',5),('それは血となり毒となる','狩猟笛',2,52,'2021-06-22','me',37),('一柿入魂','ガンランス',4,15,'2021-05-24','me',16),('一柿入魂','スラッシュアックス',3,22,'2021-05-19','me',7),('一柿入魂','チャージアックス',3,48,'2021-05-26','me',20),('一柿入魂','ハンマー',4,46,'2021-06-17','me',9),('一柿入魂','ヘビィボウガン',4,59,'2021-05-15','me',2),('一柿入魂','ライトボウガン',2,51,'2021-06-24','me',13),('一柿入魂','ランス',4,52,'2021-05-21','me',11),('一柿入魂','双剣',4,17,'2021-06-19','me',23),('一柿入魂','大剣',5,53,'2021-05-23','me',15),('一柿入魂','太刀',3,4,'2021-06-23','me',10),('一柿入魂','弓',3,12,'2021-06-06','me',25),('一柿入魂','操虫棍',4,44,'2021-05-17','me',6),('一柿入魂','片手剣',5,2,'2021-05-22','me',5),('一柿入魂','狩猟笛',3,39,'2021-06-22','me',37),('不穏の沼影','ガンランス',5,35,'2021-05-24','me',16),('不穏の沼影','スラッシュアックス',4,35,'2021-05-23','me',7),('不穏の沼影','チャージアックス',6,30,'2021-06-18','me',29),('不穏の沼影','ハンマー',4,3,'2021-06-17','me',9),('不穏の沼影','ヘビィボウガン',5,24,'2021-05-17','me',2),('不穏の沼影','ライトボウガン',3,26,'2021-06-24','me',13),('不穏の沼影','ランス',6,14,'2021-05-22','me',11),('不穏の沼影','双剣',6,0,'2021-06-19','me',33),('不穏の沼影','大剣',4,18,'2021-05-23','me',15),('不穏の沼影','太刀',3,39,'2021-06-23','me',10),('不穏の沼影','弓',4,20,'2021-05-30','me',25),('不穏の沼影','操虫棍',5,35,'2021-05-17','me',6),('不穏の沼影','片手剣',5,24,'2021-05-23','me',5),('不穏の沼影','狩猟笛',4,4,'2021-06-22','me',37),('偽虎添翼、ヌシ・リオレウス','ガンランス',8,21,'2021-06-20','me',27),('偽虎添翼、ヌシ・リオレウス','スラッシュアックス',7,21,'2021-06-21','me',7),('偽虎添翼、ヌシ・リオレウス','チャージアックス',7,24,'2021-06-19','me',20),('偽虎添翼、ヌシ・リオレウス','ハンマー',8,54,'2021-06-18','me',9),('偽虎添翼、ヌシ・リオレウス','ヘビィボウガン',4,40,'2021-06-21','me',30),('偽虎添翼、ヌシ・リオレウス','ライトボウガン',6,13,'2021-06-24','me',13),('偽虎添翼、ヌシ・リオレウス','ランス',9,10,'2021-06-15','me',24),('偽虎添翼、ヌシ・リオレウス','双剣',8,44,'2021-06-20','me',33),('偽虎添翼、ヌシ・リオレウス','大剣',7,21,'2021-06-21','me',28),('偽虎添翼、ヌシ・リオレウス','太刀',6,42,'2021-06-24','me',38),('偽虎添翼、ヌシ・リオレウス','弓',8,30,'2021-06-06','me',25),('偽虎添翼、ヌシ・リオレウス','操虫棍',6,54,'2021-06-22','me',6),('偽虎添翼、ヌシ・リオレウス','片手剣',5,57,'2021-06-03','me',5),('偽虎添翼、ヌシ・リオレウス','狩猟笛',8,1,'2021-06-23','me',37),('傘鳥円舞','ガンランス',5,46,'2021-05-18','me',8),('傘鳥円舞','ガンランス',4,41,'2021-05-18','me',16),('傘鳥円舞','スラッシュアックス',3,39,'2021-05-19','me',7),('傘鳥円舞','チャージアックス',5,28,'2021-05-20','me',4),('傘鳥円舞','ハンマー',4,0,'2021-05-22','me',9),('傘鳥円舞','ヘビィボウガン',8,23,'2021-05-15','me',2),('傘鳥円舞','ライトボウガン',3,2,'2021-06-24','me',13),('傘鳥円舞','ランス',3,53,'2021-05-21','me',11),('傘鳥円舞','双剣',3,35,'2021-06-07','me',33),('傘鳥円舞','大剣',3,5,'2021-05-21','me',15),('傘鳥円舞','太刀',3,8,'2021-06-23','me',10),('傘鳥円舞','弓',3,51,'2021-05-20','me',19),('傘鳥円舞','操虫棍',3,31,'2021-05-16','me',6),('傘鳥円舞','片手剣',3,11,'2021-05-18','me',5),('傘鳥円舞','狩猟笛',3,55,'2021-05-16','me',3),('優美高妙、ヌシリオレイア','ガンランス',7,34,'2021-06-20','me',27),('優美高妙、ヌシリオレイア','スラッシュアックス',6,1,'2021-06-21','me',7),('優美高妙、ヌシリオレイア','チャージアックス',8,40,'2021-06-19','me',20),('優美高妙、ヌシリオレイア','ハンマー',6,49,'2021-05-22','me',9),('優美高妙、ヌシリオレイア','ヘビィボウガン',4,55,'2021-05-19','me',17),('優美高妙、ヌシリオレイア','ライトボウガン',5,43,'2021-06-24','me',13),('優美高妙、ヌシリオレイア','ランス',8,25,'2021-06-12','me',34),('優美高妙、ヌシリオレイア','双剣',9,16,'2021-06-20','me',33),('優美高妙、ヌシリオレイア','大剣',5,57,'2021-06-21','me',28),('優美高妙、ヌシリオレイア','太刀',5,7,'2021-06-23','me',38),('優美高妙、ヌシリオレイア','弓',7,3,'2021-05-24','me',19),('優美高妙、ヌシリオレイア','操虫棍',5,58,'2021-06-05','me',6),('優美高妙、ヌシリオレイア','片手剣',4,35,'2021-06-02','me',5),('優美高妙、ヌシリオレイア','狩猟笛',5,41,'2021-06-23','me',37),('冥途へ誘う歌声','ガンランス',6,11,'2021-05-24','me',16),('冥途へ誘う歌声','スラッシュアックス',4,7,'2021-06-01','me',7),('冥途へ誘う歌声','チャージアックス',4,58,'2021-06-01','me',20),('冥途へ誘う歌声','ハンマー',6,55,'2021-05-22','me',9),('冥途へ誘う歌声','ヘビィボウガン',4,18,'2021-05-24','me',17),('冥途へ誘う歌声','ライトボウガン',2,20,'2021-06-24','me',13),('冥途へ誘う歌声','ランス',4,33,'2021-05-25','me',11),('冥途へ誘う歌声','双剣',5,6,'2021-06-19','me',33),('冥途へ誘う歌声','大剣',4,8,'2021-05-23','me',15),('冥途へ誘う歌声','太刀',4,24,'2021-06-23','me',10),('冥途へ誘う歌声','太刀',3,9,'2021-06-23','me',38),('冥途へ誘う歌声','弓',3,53,'2021-05-30','me',25),('冥途へ誘う歌声','操虫棍',4,30,'2021-05-16','me',6),('冥途へ誘う歌声','片手剣',5,32,'2021-05-23','me',5),('冥途へ誘う歌声','狩猟笛',4,25,'2021-06-22','me',37),('千紫万紅、ヌシタマミツネ','ガンランス',7,21,'2021-06-20','me',27),('千紫万紅、ヌシタマミツネ','スラッシュアックス',7,54,'2021-06-21','me',7),('千紫万紅、ヌシタマミツネ','チャージアックス',7,32,'2021-06-19','me',20),('千紫万紅、ヌシタマミツネ','ハンマー',7,9,'2021-06-18','me',9),('千紫万紅、ヌシタマミツネ','ヘビィボウガン',6,8,'2021-05-19','me',17),('千紫万紅、ヌシタマミツネ','ライトボウガン',6,19,'2021-06-24','me',13),('千紫万紅、ヌシタマミツネ','ランス',7,37,'2021-06-12','me',34),('千紫万紅、ヌシタマミツネ','双剣',9,32,'2021-06-20','me',33),('千紫万紅、ヌシタマミツネ','大剣',6,50,'2021-05-23','me',15),('千紫万紅、ヌシタマミツネ','太刀',6,59,'2021-06-23','me',38),('千紫万紅、ヌシタマミツネ','弓',5,22,'2021-05-30','me',25),('千紫万紅、ヌシタマミツネ','操虫棍',6,53,'2021-06-05','me',6),('千紫万紅、ヌシタマミツネ','片手剣',6,29,'2021-06-03','me',5),('千紫万紅、ヌシタマミツネ','狩猟笛',7,24,'2021-06-23','me',37),('取り巻くつむじ風','ガンランス',3,31,'2021-05-16','me',8),('取り巻くつむじ風','ガンランス',2,42,'2021-05-17','me',16),('取り巻くつむじ風','スラッシュアックス',2,15,'2021-05-16','me',7),('取り巻くつむじ風','チャージアックス',2,55,'2021-05-16','me',4),('取り巻くつむじ風','ハンマー',2,32,'2021-05-16','me',9),('取り巻くつむじ風','ヘビィボウガン',2,11,'2021-05-16','me',2),('取り巻くつむじ風','ライトボウガン',1,32,'2021-05-16','me',13),('取り巻くつむじ風','ランス',3,7,'2021-05-16','me',11),('取り巻くつむじ風','双剣',2,54,'2021-05-16','me',14),('取り巻くつむじ風','大剣',2,44,'2021-05-16','me',15),('取り巻くつむじ風','太刀',1,51,'2021-05-16','me',10),('取り巻くつむじ風','弓',2,5,'2021-05-16','me',12),('取り巻くつむじ風','操虫棍',2,22,'2021-05-16','me',6),('取り巻くつむじ風','片手剣',2,27,'2021-05-16','me',5),('取り巻くつむじ風','狩猟笛',2,48,'2021-05-16','me',3),('古の幻影','ガンランス',9,15,'2021-06-20','me',27),('古の幻影','スラッシュアックス',9,47,'2021-05-19','me',7),('古の幻影','チャージアックス',8,30,'2021-06-18','me',29),('古の幻影','ハンマー',9,14,'2021-06-18','me',9),('古の幻影','ヘビィボウガン',6,17,'2021-06-01','me',31),('古の幻影','ライトボウガン',6,4,'2021-06-24','me',42),('古の幻影','ランス',8,39,'2021-06-07','me',24),('古の幻影','双剣',6,55,'2021-06-20','me',32),('古の幻影','大剣',9,43,'2021-06-04','me',28),('古の幻影','太刀',6,10,'2021-06-23','me',38),('古の幻影','弓',5,46,'2021-06-20','me',35),('古の幻影','操虫棍',8,4,'2021-06-05','me',6),('古の幻影','片手剣',10,2,'2021-06-02','me',5),('古の幻影','狩猟笛',8,56,'2021-06-22','me',37),('地底を駆ける角竜','ガンランス',6,51,'2021-06-06','me',27),('地底を駆ける角竜','スラッシュアックス',6,27,'2021-06-05','me',7),('地底を駆ける角竜','チャージアックス',6,53,'2021-06-05','me',29),('地底を駆ける角竜','ハンマー',8,58,'2021-06-02','me',9),('地底を駆ける角竜','ヘビィボウガン',5,48,'2021-05-19','me',17),('地底を駆ける角竜','ライトボウガン',4,25,'2021-06-24','me',13),('地底を駆ける角竜','ランス',5,59,'2021-06-07','me',24),('地底を駆ける角竜','双剣',5,20,'2021-06-20','me',23),('地底を駆ける角竜','大剣',6,22,'2021-06-04','me',28),('地底を駆ける角竜','太刀',2,55,'2021-06-23','me',38),('地底を駆ける角竜','弓',3,52,'2021-06-06','me',25),('地底を駆ける角竜','操虫棍',5,24,'2021-06-05','me',6),('地底を駆ける角竜','片手剣',5,39,'2021-05-18','me',5),('地底を駆ける角竜','狩猟笛',5,18,'2021-06-22','me',37),('変幻せよ！剣斧の型','ガンランス',7,5,'2021-05-17','me',16),('変幻せよ！剣斧の型','スラッシュアックス',7,40,'2021-05-19','me',7),('変幻せよ！剣斧の型','チャージアックス',9,14,'2021-05-20','me',4),('変幻せよ！剣斧の型','チャージアックス',8,56,'2021-05-20','me',20),('変幻せよ！剣斧の型','ハンマー',7,19,'2021-05-22','me',9),('変幻せよ！剣斧の型','ヘビィボウガン',5,52,'2021-05-16','me',2),('変幻せよ！剣斧の型','ライトボウガン',5,47,'2021-06-24','me',13),('変幻せよ！剣斧の型','ランス',7,38,'2021-05-21','me',11),('変幻せよ！剣斧の型','双剣',5,44,'2021-06-23','me',32),('変幻せよ！剣斧の型','大剣',7,13,'2021-05-21','me',15),('変幻せよ！剣斧の型','太刀',5,45,'2021-06-23','me',10),('変幻せよ！剣斧の型','弓',6,37,'2021-05-20','me',18),('変幻せよ！剣斧の型','操虫棍',6,28,'2021-05-16','me',6),('変幻せよ！剣斧の型','片手剣',8,41,'2021-05-22','me',5),('変幻せよ！剣斧の型','狩猟笛',8,27,'2021-05-16','me',3),('大場所寒冷群島','ガンランス',5,14,'2021-05-18','me',16),('大場所寒冷群島','スラッシュアックス',2,44,'2021-05-23','me',7),('大場所寒冷群島','チャージアックス',4,0,'2021-05-20','me',20),('大場所寒冷群島','ハンマー',4,16,'2021-05-22','me',9),('大場所寒冷群島','ヘビィボウガン',3,22,'2021-05-16','me',2),('大場所寒冷群島','ライトボウガン',2,55,'2021-06-24','me',13),('大場所寒冷群島','ランス',4,25,'2021-05-21','me',11),('大場所寒冷群島','双剣',3,36,'2021-06-23','me',33),('大場所寒冷群島','大剣',3,15,'2021-05-21','me',15),('大場所寒冷群島','太刀',2,52,'2021-06-23','me',10),('大場所寒冷群島','弓',4,32,'2021-05-20','me',18),('大場所寒冷群島','操虫棍',3,27,'2021-05-16','me',6),('大場所寒冷群島','片手剣',3,53,'2021-05-18','me',5),('大場所寒冷群島','狩猟笛',4,34,'2021-05-16','me',3),('天上に紅蓮咲く','ガンランス',5,50,'2021-05-24','me',16),('天上に紅蓮咲く','スラッシュアックス',5,19,'2021-06-01','me',7),('天上に紅蓮咲く','チャージアックス',5,15,'2021-06-01','me',29),('天上に紅蓮咲く','ハンマー',4,57,'2021-06-01','me',9),('天上に紅蓮咲く','ヘビィボウガン',4,41,'2021-05-24','me',17),('天上に紅蓮咲く','ライトボウガン',3,11,'2021-06-24','me',13),('天上に紅蓮咲く','ランス',5,33,'2021-05-21','me',11),('天上に紅蓮咲く','双剣',5,1,'2021-06-19','me',33),('天上に紅蓮咲く','大剣',7,4,'2021-05-23','me',15),('天上に紅蓮咲く','太刀',3,57,'2021-06-23','me',39),('天上に紅蓮咲く','弓',4,31,'2021-05-24','me',19),('天上に紅蓮咲く','操虫棍',5,17,'2021-05-25','me',6),('天上に紅蓮咲く','片手剣',5,6,'2021-05-18','me',5),('天上に紅蓮咲く','狩猟笛',4,33,'2021-06-22','me',37),('女王に魅せられて','ガンランス',5,59,'2021-05-24','me',16),('女王に魅せられて','スラッシュアックス',3,48,'2021-05-23','me',7),('女王に魅せられて','チャージアックス',3,49,'2021-06-18','me',20),('女王に魅せられて','ハンマー',3,32,'2021-06-17','me',9),('女王に魅せられて','ヘビィボウガン',4,28,'2021-05-19','me',2),('女王に魅せられて','ライトボウガン',2,38,'2021-06-24','me',13),('女王に魅せられて','ランス',4,21,'2021-05-25','me',11),('女王に魅せられて','双剣',4,19,'2021-06-19','me',33),('女王に魅せられて','大剣',3,29,'2021-06-23','me',28),('女王に魅せられて','太刀',2,49,'2021-06-23','me',10),('女王に魅せられて','弓',3,57,'2021-05-24','me',19),('女王に魅せられて','操虫棍',3,56,'2021-05-16','me',6),('女王に魅せられて','片手剣',4,17,'2021-05-18','me',5),('女王に魅せられて','狩猟笛',3,8,'2021-06-22','me',37),('妖艶なる舞','ガンランス',5,17,'2021-05-24','me',16),('妖艶なる舞','スラッシュアックス',4,26,'2021-06-04','me',7),('妖艶なる舞','チャージアックス',3,56,'2021-06-01','me',20),('妖艶なる舞','ハンマー',5,7,'2021-06-01','me',9),('妖艶なる舞','ヘビィボウガン',3,45,'2021-05-19','me',17),('妖艶なる舞','ライトボウガン',3,2,'2021-06-24','me',13),('妖艶なる舞','ランス',5,15,'2021-05-25','me',11),('妖艶なる舞','双剣',5,7,'2021-06-19','me',33),('妖艶なる舞','大剣',6,8,'2021-05-23','me',15),('妖艶なる舞','太刀',3,56,'2021-06-23','me',38),('妖艶なる舞','弓',4,31,'2021-06-19','me',25),('妖艶なる舞','操虫棍',4,27,'2021-05-25','me',6),('妖艶なる舞','片手剣',6,21,'2021-05-18','me',5),('妖艶なる舞','狩猟笛',5,57,'2021-06-22','me',37),('学べ！軽弩の型','ガンランス',3,37,'2021-05-18','me',16),('学べ！軽弩の型','スラッシュアックス',3,5,'2021-05-19','me',7),('学べ！軽弩の型','チャージアックス',2,2,'2021-05-20','me',20),('学べ！軽弩の型','ハンマー',2,46,'2021-05-22','me',9),('学べ！軽弩の型','ヘビィボウガン',2,52,'2020-03-01','me',1),('学べ！軽弩の型','ライトボウガン',2,9,'2021-06-24','me',13),('学べ！軽弩の型','ランス',2,58,'2021-05-21','me',11),('学べ！軽弩の型','双剣',2,55,'2021-06-23','me',33),('学べ！軽弩の型','大剣',2,59,'2021-05-21','me',15),('学べ！軽弩の型','太刀',2,0,'2021-06-23','me',10),('学べ！軽弩の型','弓',2,13,'2021-05-20','me',19),('学べ！軽弩の型','操虫棍',2,9,'2021-05-17','me',6),('学べ！軽弩の型','片手剣',3,28,'2021-05-22','me',5),('学べ！軽弩の型','狩猟笛',3,0,'2021-05-16','me',3),('山河に一閃、響く雷鳴','ガンランス',7,31,'2021-05-31','me',26),('山河に一閃、響く雷鳴','スラッシュアックス',4,33,'2021-06-04','me',7),('山河に一閃、響く雷鳴','チャージアックス',5,28,'2021-06-05','me',20),('山河に一閃、響く雷鳴','ハンマー',6,19,'2021-06-18','me',9),('山河に一閃、響く雷鳴','ヘビィボウガン',3,48,'2021-05-19','me',2),('山河に一閃、響く雷鳴','ライトボウガン',4,11,'2021-06-24','me',13),('山河に一閃、響く雷鳴','ランス',5,52,'2021-05-25','me',11),('山河に一閃、響く雷鳴','ランス',5,10,'2021-05-30','me',24),('山河に一閃、響く雷鳴','双剣',6,47,'2021-06-19','me',23),('山河に一閃、響く雷鳴','大剣',5,11,'2021-05-21','me',15),('山河に一閃、響く雷鳴','太刀',4,10,'2021-06-23','me',38),('山河に一閃、響く雷鳴','太刀',4,59,'2021-06-23','me',40),('山河に一閃、響く雷鳴','弓',3,40,'2021-06-06','me',25),('山河に一閃、響く雷鳴','操虫棍',5,26,'2021-05-25','me',6),('山河に一閃、響く雷鳴','片手剣',5,41,'2021-05-23','me',5),('山河に一閃、響く雷鳴','狩猟笛',6,8,'2021-06-22','me',37),('岩の上にも三年','ガンランス',5,36,'2021-05-24','me',16),('岩の上にも三年','スラッシュアックス',4,37,'2021-05-23','me',7),('岩の上にも三年','チャージアックス',6,20,'2021-06-18','me',29),('岩の上にも三年','ハンマー',6,11,'2021-06-17','me',9),('岩の上にも三年','ヘビィボウガン',3,56,'2021-05-19','me',17),('岩の上にも三年','ライトボウガン',4,40,'2021-06-24','me',13),('岩の上にも三年','ランス',5,48,'2021-05-25','me',11),('岩の上にも三年','双剣',5,9,'2021-06-19','me',23),('岩の上にも三年','大剣',6,30,'2021-05-21','me',15),('岩の上にも三年','太刀',3,41,'2021-06-23','me',10),('岩の上にも三年','弓',3,35,'2021-05-24','me',19),('岩の上にも三年','操虫棍',5,53,'2021-05-16','me',6),('岩の上にも三年','片手剣',5,10,'2021-05-18','me',5),('岩の上にも三年','狩猟笛',6,30,'2021-06-22','me',37),('嵐に舞う黒い影','ガンランス',8,21,'2021-06-20','me',27),('嵐に舞う黒い影','スラッシュアックス',8,12,'2021-06-21','me',7),('嵐に舞う黒い影','チャージアックス',7,40,'2021-06-18','me',29),('嵐に舞う黒い影','ハンマー',7,37,'2021-06-18','me',9),('嵐に舞う黒い影','ヘビィボウガン',5,27,'2021-06-21','me',30),('嵐に舞う黒い影','ライトボウガン',6,0,'2021-06-24','me',13),('嵐に舞う黒い影','ランス',8,24,'2021-06-07','me',24),('嵐に舞う黒い影','双剣',8,8,'2021-06-20','me',33),('嵐に舞う黒い影','大剣',9,32,'2021-06-04','me',28),('嵐に舞う黒い影','太刀',7,17,'2021-06-23','me',38),('嵐に舞う黒い影','弓',8,31,'2021-05-30','me',25),('嵐に舞う黒い影','操虫棍',7,27,'2021-06-05','me',6),('嵐に舞う黒い影','片手剣',7,47,'2021-05-18','me',5),('嵐に舞う黒い影','狩猟笛',7,48,'2021-06-23','me',37),('彼方より来たる凶星','ガンランス',7,43,'2021-06-20','me',27),('彼方より来たる凶星','スラッシュアックス',7,19,'2021-06-21','me',7),('彼方より来たる凶星','チャージアックス',6,27,'2021-06-19','me',20),('彼方より来たる凶星','ハンマー',8,48,'2021-06-18','me',9),('彼方より来たる凶星','ヘビィボウガン',6,20,'2021-05-28','me',22),('彼方より来たる凶星','ライトボウガン',7,11,'2021-06-24','me',13),('彼方より来たる凶星','ランス',9,15,'2021-06-15','me',24),('彼方より来たる凶星','双剣',8,18,'2021-06-20','me',23),('彼方より来たる凶星','大剣',9,16,'2021-06-21','me',28),('彼方より来たる凶星','太刀',7,46,'2021-06-23','me',38),('彼方より来たる凶星','弓',8,46,'2021-06-18','me',25),('彼方より来たる凶星','操虫棍',7,25,'2021-06-22','me',6),('彼方より来たる凶星','片手剣',7,4,'2021-06-03','me',5),('彼方より来たる凶星','狩猟笛',8,18,'2021-06-23','me',37),('悪鬼羅刹','ガンランス',6,7,'2021-06-06','me',26),('悪鬼羅刹','スラッシュアックス',5,47,'2021-06-05','me',7),('悪鬼羅刹','チャージアックス',7,5,'2021-06-05','me',20),('悪鬼羅刹','ハンマー',6,34,'2021-06-02','me',9),('悪鬼羅刹','ヘビィボウガン',4,45,'2021-06-01','me',30),('悪鬼羅刹','ライトボウガン',4,42,'2021-06-24','me',13),('悪鬼羅刹','ランス',8,30,'2021-06-07','me',24),('悪鬼羅刹','双剣',6,35,'2021-06-20','me',23),('悪鬼羅刹','大剣',6,6,'2021-06-04','me',28),('悪鬼羅刹','太刀',4,52,'2021-06-23','me',38),('悪鬼羅刹','弓',4,47,'2021-06-06','me',25),('悪鬼羅刹','操虫棍',6,58,'2021-06-05','me',6),('悪鬼羅刹','片手剣',7,47,'2021-05-18','me',5),('悪鬼羅刹','狩猟笛',5,22,'2021-06-22','me',37),('水と共に生きるもの','ガンランス',3,42,'2021-05-24','me',16),('水と共に生きるもの','スラッシュアックス',3,42,'2021-05-23','me',7),('水と共に生きるもの','チャージアックス',5,36,'2021-05-20','me',20),('水と共に生きるもの','ハンマー',4,3,'2021-06-17','me',9),('水と共に生きるもの','ヘビィボウガン',4,27,'2021-05-15','me',2),('水と共に生きるもの','ライトボウガン',2,30,'2021-06-24','me',13),('水と共に生きるもの','ランス',3,35,'2021-05-21','me',11),('水と共に生きるもの','双剣',2,49,'2021-06-19','me',32),('水と共に生きるもの','大剣',4,30,'2021-06-19','me',28),('水と共に生きるもの','太刀',2,51,'2021-06-23','me',10),('水と共に生きるもの','弓',3,17,'2021-05-24','me',18),('水と共に生きるもの','操虫棍',4,0,'2021-05-16','me',6),('水と共に生きるもの','片手剣',4,11,'2021-05-16','me',5),('水と共に生きるもの','狩猟笛',3,35,'2021-06-22','me',37),('泥の中でも立ち上がれ','ガンランス',4,30,'2021-05-18','me',16),('泥の中でも立ち上がれ','スラッシュアックス',4,2,'2021-05-23','me',7),('泥の中でも立ち上がれ','チャージアックス',6,47,'2021-06-18','me',29),('泥の中でも立ち上がれ','ハンマー',4,16,'2021-06-18','me',9),('泥の中でも立ち上がれ','ヘビィボウガン',4,48,'2021-05-15','me',2),('泥の中でも立ち上がれ','ライトボウガン',3,28,'2021-06-24','me',13),('泥の中でも立ち上がれ','ランス',4,16,'2021-05-21','me',11),('泥の中でも立ち上がれ','双剣',3,57,'2021-06-19','me',32),('泥の中でも立ち上がれ','大剣',5,53,'2021-06-19','me',28),('泥の中でも立ち上がれ','太刀',3,16,'2021-06-23','me',10),('泥の中でも立ち上がれ','弓',3,28,'2021-05-20','me',18),('泥の中でも立ち上がれ','操虫棍',5,26,'2021-05-16','me',6),('泥の中でも立ち上がれ','片手剣',4,21,'2021-05-16','me',5),('泥の中でも立ち上がれ','狩猟笛',3,54,'2021-06-22','me',37),('泥海へ手招く','ガンランス',6,41,'2021-05-31','me',27),('泥海へ手招く','スラッシュアックス',6,6,'2021-06-04','me',7),('泥海へ手招く','チャージアックス',7,51,'2021-05-20','me',20),('泥海へ手招く','ハンマー',7,53,'2021-06-02','me',9),('泥海へ手招く','ヘビィボウガン',5,33,'2021-05-19','me',17),('泥海へ手招く','ライトボウガン',4,26,'2021-06-24','me',13),('泥海へ手招く','ランス',7,54,'2021-06-07','me',24),('泥海へ手招く','双剣',5,46,'2021-06-20','me',32),('泥海へ手招く','大剣',6,54,'2021-06-04','me',28),('泥海へ手招く','太刀',7,2,'2021-06-23','me',38),('泥海へ手招く','弓',7,41,'2021-05-24','me',18),('泥海へ手招く','操虫棍',6,9,'2021-06-01','me',6),('泥海へ手招く','片手剣',8,25,'2021-05-29','me',5),('泥海へ手招く','狩猟笛',5,25,'2021-06-22','me',37),('火吹き御前','ガンランス',7,40,'2021-05-18','me',16),('火吹き御前','スラッシュアックス',6,16,'2021-06-05','me',7),('火吹き御前','チャージアックス',6,35,'2021-06-05','me',29),('火吹き御前','ハンマー',8,36,'2021-06-02','me',9),('火吹き御前','ヘビィボウガン',4,40,'2021-06-01','me',30),('火吹き御前','ライトボウガン',7,36,'2021-06-24','me',13),('火吹き御前','ランス',7,25,'2021-06-07','me',34),('火吹き御前','双剣',6,4,'2021-06-20','me',23),('火吹き御前','大剣',9,35,'2021-06-04','me',28),('火吹き御前','太刀',4,37,'2021-06-23','me',38),('火吹き御前','弓',6,28,'2021-06-06','me',25),('火吹き御前','操虫棍',7,21,'2021-06-05','me',6),('火吹き御前','片手剣',6,40,'2021-05-31','me',5),('火吹き御前','狩猟笛',7,40,'2021-06-22','me',37),('炎国の王','ガンランス',10,5,'2021-06-20','me',27),('炎国の王','スラッシュアックス',6,44,'2021-06-21','me',7),('炎国の王','チャージアックス',10,21,'2021-06-18','me',20),('炎国の王','ハンマー',8,56,'2021-06-18','me',9),('炎国の王','ヘビィボウガン',4,12,'2021-06-21','me',30),('炎国の王','ライトボウガン',6,40,'2021-06-24','me',13),('炎国の王','ランス',12,9,'2021-06-07','me',34),('炎国の王','双剣',8,17,'2021-05-29','me',23),('炎国の王','大剣',7,34,'2021-06-04','me',28),('炎国の王','弓',7,29,'2021-05-20','me',19),('炎国の王','操虫棍',9,7,'2021-05-16','me',6),('炎国の王','片手剣',7,42,'2021-05-29','me',5),('炎国の王','狩猟笛',9,10,'2021-06-23','me',37),('爆鱗竜、再び飛来す','ガンランス',6,18,'2021-06-20','me',26),('爆鱗竜、再び飛来す','スラッシュアックス',4,56,'2021-06-21','me',7),('爆鱗竜、再び飛来す','チャージアックス',8,46,'2021-06-19','me',20),('爆鱗竜、再び飛来す','ハンマー',6,7,'2021-06-18','me',9),('爆鱗竜、再び飛来す','ヘビィボウガン',5,56,'2021-06-21','me',30),('爆鱗竜、再び飛来す','ライトボウガン',4,30,'2021-06-24','me',13),('爆鱗竜、再び飛来す','ランス',7,18,'2021-06-08','me',34),('爆鱗竜、再び飛来す','双剣',7,58,'2021-06-20','me',33),('爆鱗竜、再び飛来す','大剣',4,51,'2021-06-21','me',28),('爆鱗竜、再び飛来す','太刀',5,56,'2021-06-23','me',38),('爆鱗竜、再び飛来す','弓',8,35,'2021-05-30','me',25),('爆鱗竜、再び飛来す','操虫棍',5,27,'2021-06-05','me',6),('爆鱗竜、再び飛来す','片手剣',5,55,'2021-05-18','me',5),('爆鱗竜、再び飛来す','狩猟笛',7,10,'2021-06-23','me',37),('牛飲馬食、ヌシアオアシラ','ガンランス',7,50,'2021-06-20','me',27),('牛飲馬食、ヌシアオアシラ','スラッシュアックス',6,41,'2021-06-21','me',7),('牛飲馬食、ヌシアオアシラ','チャージアックス',7,15,'2021-06-19','me',20),('牛飲馬食、ヌシアオアシラ','ハンマー',9,21,'2021-06-18','me',9),('牛飲馬食、ヌシアオアシラ','ヘビィボウガン',4,13,'2021-06-21','me',30),('牛飲馬食、ヌシアオアシラ','ライトボウガン',5,23,'2021-06-24','me',13),('牛飲馬食、ヌシアオアシラ','ランス',6,23,'2021-06-08','me',34),('牛飲馬食、ヌシアオアシラ','双剣',5,43,'2021-06-20','me',32),('牛飲馬食、ヌシアオアシラ','大剣',8,8,'2021-06-21','me',28),('牛飲馬食、ヌシアオアシラ','太刀',5,19,'2021-06-23','me',38),('牛飲馬食、ヌシアオアシラ','弓',8,51,'2021-05-24','me',18),('牛飲馬食、ヌシアオアシラ','操虫棍',7,10,'2021-06-05','me',6),('牛飲馬食、ヌシアオアシラ','片手剣',9,4,'2021-05-18','me',5),('牛飲馬食、ヌシアオアシラ','狩猟笛',7,9,'2021-06-23','me',37),('猛追、蛮顎竜','ガンランス',6,10,'2021-05-18','me',16),('猛追、蛮顎竜','スラッシュアックス',4,35,'2021-06-04','me',7),('猛追、蛮顎竜','チャージアックス',7,5,'2021-05-21','me',4),('猛追、蛮顎竜','ハンマー',6,43,'2021-06-18','me',9),('猛追、蛮顎竜','ヘビィボウガン',5,39,'2021-05-19','me',2),('猛追、蛮顎竜','ライトボウガン',3,25,'2021-06-24','me',13),('猛追、蛮顎竜','ライトボウガン',3,33,'2021-06-24','me',41),('猛追、蛮顎竜','ランス',5,38,'2021-05-26','me',11),('猛追、蛮顎竜','双剣',5,37,'2021-06-19','me',23),('猛追、蛮顎竜','大剣',6,35,'2021-05-31','me',28),('猛追、蛮顎竜','太刀',5,27,'2021-06-23','me',38),('猛追、蛮顎竜','弓',5,36,'2021-05-20','me',19),('猛追、蛮顎竜','操虫棍',5,16,'2021-05-25','me',6),('猛追、蛮顎竜','片手剣',5,59,'2021-05-23','me',5),('猛追、蛮顎竜','狩猟笛',5,11,'2021-06-22','me',37),('琥珀色の牙を研ぐ','ガンランス',5,10,'2021-06-06','me',27),('琥珀色の牙を研ぐ','スラッシュアックス',3,42,'2021-06-04','me',7),('琥珀色の牙を研ぐ','チャージアックス',7,34,'2021-06-05','me',20),('琥珀色の牙を研ぐ','ハンマー',5,24,'2021-05-22','me',9),('琥珀色の牙を研ぐ','ヘビィボウガン',3,12,'2021-05-24','me',17),('琥珀色の牙を研ぐ','ライトボウガン',5,18,'2021-06-24','me',13),('琥珀色の牙を研ぐ','ランス',5,55,'2021-05-25','me',11),('琥珀色の牙を研ぐ','双剣',5,27,'2021-06-19','me',32),('琥珀色の牙を研ぐ','大剣',4,54,'2021-05-31','me',28),('琥珀色の牙を研ぐ','太刀',3,55,'2021-06-23','me',40),('琥珀色の牙を研ぐ','弓',4,52,'2021-05-24','me',18),('琥珀色の牙を研ぐ','操虫棍',4,54,'2021-05-16','me',6),('琥珀色の牙を研ぐ','片手剣',6,26,'2021-05-31','me',5),('琥珀色の牙を研ぐ','狩猟笛',3,41,'2021-06-22','me',37),('痛烈無比、ヌシ・ディアブロス','ガンランス',10,50,'2021-06-20','me',27),('痛烈無比、ヌシ・ディアブロス','スラッシュアックス',8,20,'2021-05-27','me',7),('痛烈無比、ヌシ・ディアブロス','チャージアックス',11,32,'2021-06-19','me',29),('痛烈無比、ヌシ・ディアブロス','ハンマー',11,43,'2021-06-18','me',9),('痛烈無比、ヌシ・ディアブロス','ヘビィボウガン',4,29,'2021-06-21','me',30),('痛烈無比、ヌシ・ディアブロス','ライトボウガン',10,4,'2021-06-24','me',13),('痛烈無比、ヌシ・ディアブロス','ランス',10,51,'2021-06-15','me',34),('痛烈無比、ヌシ・ディアブロス','双剣',7,24,'2021-06-20','me',23),('痛烈無比、ヌシ・ディアブロス','大剣',9,41,'2021-06-21','me',28),('痛烈無比、ヌシ・ディアブロス','太刀',7,11,'2021-06-24','me',38),('痛烈無比、ヌシ・ディアブロス','弓',8,36,'2021-06-06','me',25),('痛烈無比、ヌシ・ディアブロス','操虫棍',9,7,'2021-06-22','me',6),('痛烈無比、ヌシ・ディアブロス','片手剣',10,9,'2021-06-03','me',5),('痛烈無比、ヌシ・ディアブロス','狩猟笛',9,48,'2021-06-23','me',37),('百竜ノ淵源','ガンランス',8,56,'2021-06-20','me',26),('百竜ノ淵源','スラッシュアックス',11,22,'2021-06-21','me',7),('百竜ノ淵源','チャージアックス',10,19,'2021-06-19','me',20),('百竜ノ淵源','ハンマー',12,0,'2021-06-18','me',9),('百竜ノ淵源','ヘビィボウガン',9,53,'2021-06-21','me',36),('百竜ノ淵源','ライトボウガン',8,23,'2021-06-24','me',13),('百竜ノ淵源','ランス',10,54,'2021-06-12','me',24),('百竜ノ淵源','双剣',9,0,'2021-06-20','me',23),('百竜ノ淵源','大剣',12,20,'2021-06-21','me',28),('百竜ノ淵源','太刀',8,17,'2021-06-23','me',38),('百竜ノ淵源','弓',11,17,'2021-06-06','me',25),('百竜ノ淵源','操虫棍',10,7,'2021-06-22','me',6),('百竜ノ淵源','片手剣',10,5,'2021-06-03','me',5),('百竜ノ淵源','狩猟笛',9,35,'2021-06-23','me',37),('砂原の魔球にご注意を','ガンランス',9,4,'2021-05-18','me',16),('砂原の魔球にご注意を','スラッシュアックス',6,2,'2021-05-23','me',7),('砂原の魔球にご注意を','チャージアックス',5,50,'2021-06-18','me',20),('砂原の魔球にご注意を','ハンマー',7,23,'2021-06-18','me',9),('砂原の魔球にご注意を','ヘビィボウガン',4,51,'2021-05-19','me',17),('砂原の魔球にご注意を','ライトボウガン',4,33,'2021-06-24','me',13),('砂原の魔球にご注意を','ランス',9,20,'2021-05-21','me',11),('砂原の魔球にご注意を','双剣',6,24,'2021-06-19','me',23),('砂原の魔球にご注意を','大剣',5,59,'2021-06-19','me',28),('砂原の魔球にご注意を','太刀',7,8,'2021-06-23','me',10),('砂原の魔球にご注意を','弓',6,38,'2021-05-20','me',19),('砂原の魔球にご注意を','操虫棍',8,21,'2021-05-17','me',6),('砂原の魔球にご注意を','片手剣',6,18,'2021-05-23','me',5),('砂原の魔球にご注意を','狩猟笛',6,41,'2021-06-22','me',37),('英雄豪傑','スラッシュアックス',10,12,'2021-05-26','me',7),('英雄豪傑','スラッシュアックス',10,12,'2021-05-20','s',7),('英雄豪傑','ランス',12,8,'2021-05-26','me',11),('赤き双眸、夜陰を断つ','ガンランス',5,1,'2021-05-31','me',26),('赤き双眸、夜陰を断つ','スラッシュアックス',4,44,'2021-05-19','me',7),('赤き双眸、夜陰を断つ','チャージアックス',5,3,'2021-06-05','me',20),('赤き双眸、夜陰を断つ','ハンマー',5,11,'2021-06-02','me',9),('赤き双眸、夜陰を断つ','ヘビィボウガン',3,41,'2021-05-24','me',17),('赤き双眸、夜陰を断つ','ライトボウガン',3,30,'2021-06-24','me',13),('赤き双眸、夜陰を断つ','ランス',4,47,'2021-05-25','me',11),('赤き双眸、夜陰を断つ','双剣',4,4,'2021-06-19','me',33),('赤き双眸、夜陰を断つ','大剣',5,43,'2021-05-21','me',15),('赤き双眸、夜陰を断つ','太刀',3,17,'2021-06-23','me',38),('赤き双眸、夜陰を断つ','弓',3,52,'2021-05-30','me',25),('赤き双眸、夜陰を断つ','操虫棍',4,47,'2021-05-25','me',6),('赤き双眸、夜陰を断つ','片手剣',4,33,'2021-05-29','me',5),('赤き双眸、夜陰を断つ','狩猟笛',3,39,'2021-06-22','me',37),('轟轟たる咆哮','ガンランス',5,25,'2021-06-06','me',26),('轟轟たる咆哮','スラッシュアックス',6,11,'2021-05-23','me',7),('轟轟たる咆哮','チャージアックス',5,2,'2021-06-05','me',20),('轟轟たる咆哮','ハンマー',9,4,'2021-06-02','me',9),('轟轟たる咆哮','ヘビィボウガン',5,48,'2021-05-19','me',2),('轟轟たる咆哮','ライトボウガン',4,48,'2021-06-24','me',13),('轟轟たる咆哮','ランス',6,9,'2021-06-07','me',24),('轟轟たる咆哮','双剣',5,45,'2021-06-20','me',33),('轟轟たる咆哮','大剣',5,53,'2021-06-04','me',28),('轟轟たる咆哮','太刀',4,3,'2021-06-23','me',38),('轟轟たる咆哮','弓',6,0,'2021-06-06','me',25),('轟轟たる咆哮','操虫棍',4,43,'2021-06-05','me',6),('轟轟たる咆哮','片手剣',6,6,'2021-05-31','me',5),('轟轟たる咆哮','狩猟笛',5,56,'2021-06-22','me',37),('雪鬼獣がやってくる','ガンランス',6,12,'2021-05-31','me',26),('雪鬼獣がやってくる','スラッシュアックス',6,40,'2021-06-04','me',7),('雪鬼獣がやってくる','チャージアックス',7,54,'2021-06-05','me',20),('雪鬼獣がやってくる','ハンマー',6,7,'2021-06-02','me',9),('雪鬼獣がやってくる','ヘビィボウガン',4,16,'2021-05-19','me',17),('雪鬼獣がやってくる','ライトボウガン',4,15,'2021-06-24','me',13),('雪鬼獣がやってくる','ランス',9,45,'2021-05-21','me',11),('雪鬼獣がやってくる','双剣',5,58,'2021-06-19','me',32),('雪鬼獣がやってくる','大剣',6,43,'2021-06-01','me',28),('雪鬼獣がやってくる','太刀',3,31,'2021-06-23','me',38),('雪鬼獣がやってくる','弓',6,43,'2021-05-24','me',18),('雪鬼獣がやってくる','操虫棍',5,30,'2021-06-01','me',6),('雪鬼獣がやってくる','片手剣',7,49,'2021-05-29','me',5),('雪鬼獣がやってくる','狩猟笛',6,18,'2021-06-22','me',37),('雷光雷轟、ヌシ・ジンオウガ','ガンランス',10,6,'2021-06-20','me',26),('雷光雷轟、ヌシ・ジンオウガ','スラッシュアックス',6,42,'2021-06-21','me',7),('雷光雷轟、ヌシ・ジンオウガ','チャージアックス',7,6,'2021-06-19','me',20),('雷光雷轟、ヌシ・ジンオウガ','ハンマー',7,36,'2021-06-18','me',9),('雷光雷轟、ヌシ・ジンオウガ','ヘビィボウガン',3,50,'2021-06-21','me',30),('雷光雷轟、ヌシ・ジンオウガ','ライトボウガン',5,3,'2021-06-24','me',13),('雷光雷轟、ヌシ・ジンオウガ','ランス',8,3,'2021-06-15','me',34),('雷光雷轟、ヌシ・ジンオウガ','双剣',8,58,'2021-06-20','me',23),('雷光雷轟、ヌシ・ジンオウガ','大剣',8,45,'2021-06-21','me',28),('雷光雷轟、ヌシ・ジンオウガ','太刀',6,43,'2021-06-24','me',38),('雷光雷轟、ヌシ・ジンオウガ','弓',6,51,'2021-06-06','me',25),('雷光雷轟、ヌシ・ジンオウガ','操虫棍',7,55,'2021-06-22','me',6),('雷光雷轟、ヌシ・ジンオウガ','片手剣',8,48,'2021-06-03','me',5),('雷光雷轟、ヌシ・ジンオウガ','狩猟笛',6,57,'2021-06-23','me',37),('雷神','ガンランス',10,18,'2021-06-06','me',26),('雷神','スラッシュアックス',8,11,'2021-05-23','me',7),('雷神','チャージアックス',9,5,'2021-06-05','me',20),('雷神','ハンマー',7,5,'2021-06-18','me',9),('雷神','ヘビィボウガン',7,19,'2021-05-24','me',21),('雷神','ライトボウガン',5,34,'2021-06-24','me',41),('雷神','ランス',8,9,'2021-05-22','me',11),('雷神','ランス',7,19,'2021-06-07','me',34),('雷神','双剣',5,46,'2021-06-20','me',23),('雷神','大剣',7,19,'2021-06-04','me',28),('雷神','太刀',7,36,'2021-06-23','me',38),('雷神','弓',5,16,'2021-06-06','me',25),('雷神','操虫棍',7,4,'2021-05-16','me',6),('雷神','片手剣',8,30,'2021-05-31','me',5),('雷神','狩猟笛',7,40,'2021-06-22','me',37),('頭上を飛び跳ねる脅威','ガンランス',4,10,'2021-05-31','me',26),('頭上を飛び跳ねる脅威','スラッシュアックス',4,24,'2021-06-05','me',7),('頭上を飛び跳ねる脅威','チャージアックス',4,23,'2021-06-18','me',20),('頭上を飛び跳ねる脅威','ハンマー',9,0,'2021-06-02','me',9),('頭上を飛び跳ねる脅威','ヘビィボウガン',5,7,'2021-05-24','me',17),('頭上を飛び跳ねる脅威','ライトボウガン',3,38,'2021-06-24','me',13),('頭上を飛び跳ねる脅威','ランス',4,23,'2021-05-21','me',11),('頭上を飛び跳ねる脅威','双剣',4,49,'2021-06-19','me',32),('頭上を飛び跳ねる脅威','大剣',4,57,'2021-06-01','me',28),('頭上を飛び跳ねる脅威','太刀',3,20,'2021-06-23','me',38),('頭上を飛び跳ねる脅威','弓',4,12,'2021-05-20','me',19),('頭上を飛び跳ねる脅威','操虫棍',5,26,'2021-05-16','me',6),('頭上を飛び跳ねる脅威','片手剣',6,40,'2021-05-18','me',5),('頭上を飛び跳ねる脅威','狩猟笛',4,46,'2021-06-22','me',37),('鬼火を纏石モノ','ガンランス',6,38,'2021-05-31','me',27),('鬼火を纏石モノ','スラッシュアックス',4,40,'2021-06-04','me',7),('鬼火を纏石モノ','チャージアックス',7,38,'2021-05-21','me',4),('鬼火を纏石モノ','ハンマー',7,39,'2021-06-02','me',9),('鬼火を纏石モノ','ヘビィボウガン',5,50,'2021-05-19','me',17),('鬼火を纏石モノ','ライトボウガン',4,24,'2021-06-24','me',13),('鬼火を纏石モノ','ランス',7,38,'2021-05-26','me',11),('鬼火を纏石モノ','双剣',6,50,'2021-06-19','me',33),('鬼火を纏石モノ','大剣',8,19,'2021-06-04','me',28),('鬼火を纏石モノ','太刀',5,14,'2021-06-23','me',38),('鬼火を纏石モノ','弓',4,53,'2021-05-30','me',25),('鬼火を纏石モノ','操虫棍',5,28,'2021-06-01','me',6),('鬼火を纏石モノ','片手剣',7,6,'2021-05-29','me',5),('鬼火を纏石モノ','狩猟笛',5,19,'2021-06-22','me',37);
/*!40000 ALTER TABLE `TimeRecord` ENABLE KEYS */;
UNLOCK TABLES;

--
-- Table structure for table `Users`
--

DROP TABLE IF EXISTS `Users`;
/*!40101 SET @saved_cs_client     = @@character_set_client */;
/*!50503 SET character_set_client = utf8mb4 */;
CREATE TABLE `Users` (
  `username` varchar(15) NOT NULL,
  `pass` varchar(15) NOT NULL,
  `userrole` varchar(15) NOT NULL,
  PRIMARY KEY (`username`)
) ENGINE=InnoDB DEFAULT CHARSET=utf8mb4 COLLATE=utf8mb4_0900_ai_ci;
/*!40101 SET character_set_client = @saved_cs_client */;

--
-- Dumping data for table `Users`
--

LOCK TABLES `Users` WRITE;
/*!40000 ALTER TABLE `Users` DISABLE KEYS */;
INSERT INTO `Users` VALUES ('i','s','user'),('me','s','user'),('s','s','admin');
/*!40000 ALTER TABLE `Users` ENABLE KEYS */;
UNLOCK TABLES;
/*!40103 SET TIME_ZONE=@OLD_TIME_ZONE */;

/*!40101 SET SQL_MODE=@OLD_SQL_MODE */;
/*!40014 SET FOREIGN_KEY_CHECKS=@OLD_FOREIGN_KEY_CHECKS */;
/*!40014 SET UNIQUE_CHECKS=@OLD_UNIQUE_CHECKS */;
/*!40101 SET CHARACTER_SET_CLIENT=@OLD_CHARACTER_SET_CLIENT */;
/*!40101 SET CHARACTER_SET_RESULTS=@OLD_CHARACTER_SET_RESULTS */;
/*!40101 SET COLLATION_CONNECTION=@OLD_COLLATION_CONNECTION */;
/*!40111 SET SQL_NOTES=@OLD_SQL_NOTES */;

-- Dump completed on 2021-06-24 17:55:15
